{
    "sdk_token":    "RgIJCQMNEEQVQxlBUAsbHxwBQldHUlgDB0NSAxdRHx4LAwtZRFgLVw4DR1gcXgQE",
    "gid":    "9999",
    "port":    "6666",
    "pro":
    {
        "rf_settings":
        {
            "power_enum": 0,
            "control_freqs": [142000000,143000000,144000000],
            "data_freqs": [145000000,146000000,147000000,148000000,149000000,150000000,151000000,152000000,153000000,154000000,155000000,156000000,157000000],
            "bandwidth": 11.8
        },
        "___spi_settings":
        {
            "bus_no": 0,
            "chip_no": 0,
            "request_gpio": 22,
            "ready_gpio": 27
        }
    },
    "mesh":
    {
        "geo_settings":
        {
            "region": 1
        }
    }
}
